{"system":{"rev":"071f135","version":"2.33.0","date":"2023-11-07T18:36:24.443"},"programs":[{"lastUpdated":"2023-11-07T06:12:13.964","id":"tziVVBXSafU","created":"2023-11-07T06:02:21.303","name":"DC Screening","shortName":"DC Screening","publicAccess":"rw------","completeEventsExpiryDays":0,"ignoreOverdueEvents":false,"skipOffline":false,"minAttributesRequiredToSearch":1,"displayFrontPageList":false,"onlyEnrollOnce":false,"programType":"WITHOUT_REGISTRATION","accessLevel":"OPEN","version":1,"maxTeiCountToReturn":0,"selectIncidentDatesInFuture":false,"displayIncidentDate":true,"selectEnrollmentDatesInFuture":false,"expiryDays":0,"useFirstStageDuringRegistration":false,"categoryCombo":{"id":"bjDvmb4bfuf"},"lastUpdatedBy":{"id":"M5zQapPyTZI"},"user":{"id":"M5zQapPyTZI"},"programTrackedEntityAttributes":[],"notificationTemplates":[],"translations":[],"organisationUnits":[{"id":"lmG8U7mdaZu"}],"userGroupAccesses":[],"programSections":[],"attributeValues":[],"programStages":[{"id":"yDGvBzlPXiW"}],"userAccesses":[]}],"categoryOptions":[{"code":"default","created":"2023-11-06T14:43:34.555","lastUpdated":"2023-11-06T14:43:34.809","name":"default","id":"xYerKDKCefk","publicAccess":"rwrw----","userGroupAccesses":[],"attributeValues":[],"translations":[],"userAccesses":[],"organisationUnits":[]}],"dataElements":[{"lastUpdated":"2023-11-07T06:10:34.285","id":"XRcV3VfK4cY","created":"2023-11-07T05:26:14.931","name":"Birth Date","shortName":"birthDate","aggregationType":"NONE","domainType":"TRACKER","publicAccess":"rw------","valueType":"DATE","zeroIsSignificant":false,"categoryCombo":{"id":"bjDvmb4bfuf"},"lastUpdatedBy":{"id":"M5zQapPyTZI"},"user":{"id":"M5zQapPyTZI"},"translations":[],"userGroupAccesses":[],"attributeValues":[],"userAccesses":[],"legendSets":[],"aggregationLevels":[]},{"lastUpdated":"2023-11-07T06:43:30.834","id":"giN6DRnx0Z9","created":"2023-11-07T06:39:55.653","name":"Clients at risk","shortName":"risk","aggregationType":"COUNT","domainType":"AGGREGATE","publicAccess":"rw------","valueType":"INTEGER_POSITIVE","zeroIsSignificant":false,"categoryCombo":{"id":"bjDvmb4bfuf"},"lastUpdatedBy":{"id":"M5zQapPyTZI"},"user":{"id":"M5zQapPyTZI"},"translations":[],"userGroupAccesses":[],"attributeValues":[],"userAccesses":[],"legendSets":[],"aggregationLevels":[]},{"lastUpdated":"2023-11-07T06:43:14.329","id":"jc0LABQPhOn","created":"2023-11-07T06:43:14.329","name":"Clients not at risk","shortName":"not at risk","aggregationType":"COUNT","domainType":"AGGREGATE","publicAccess":"rw------","valueType":"INTEGER_POSITIVE","zeroIsSignificant":false,"categoryCombo":{"id":"bjDvmb4bfuf"},"lastUpdatedBy":{"id":"M5zQapPyTZI"},"user":{"id":"M5zQapPyTZI"},"translations":[],"userGroupAccesses":[],"attributeValues":[],"userAccesses":[],"legendSets":[],"aggregationLevels":[]},{"lastUpdated":"2023-11-07T06:41:14.098","id":"P2T75hKyE4l","created":"2023-11-06T16:59:06.513","name":"Clients registered","shortName":"registered","aggregationType":"COUNT","domainType":"AGGREGATE","publicAccess":"rw------","valueType":"INTEGER_POSITIVE","zeroIsSignificant":false,"categoryCombo":{"id":"bjDvmb4bfuf"},"lastUpdatedBy":{"id":"M5zQapPyTZI"},"user":{"id":"M5zQapPyTZI"},"translations":[],"userGroupAccesses":[],"attributeValues":[],"userAccesses":[],"legendSets":[],"aggregationLevels":[]},{"lastUpdated":"2023-11-07T06:10:48.771","id":"E45QoIvx0TU","created":"2023-11-07T05:24:41.252","name":"Gender","shortName":"gender","aggregationType":"NONE","domainType":"TRACKER","publicAccess":"rw------","valueType":"TEXT","zeroIsSignificant":false,"categoryCombo":{"id":"bjDvmb4bfuf"},"lastUpdatedBy":{"id":"M5zQapPyTZI"},"user":{"id":"M5zQapPyTZI"},"translations":[],"userGroupAccesses":[],"attributeValues":[],"userAccesses":[],"legendSets":[],"aggregationLevels":[]},{"lastUpdated":"2023-11-07T06:10:59.000","id":"pg4TmJyQgGT","created":"2023-11-07T05:23:32.038","name":"Patient Name","shortName":"name","aggregationType":"NONE","domainType":"TRACKER","publicAccess":"rw------","valueType":"TEXT","zeroIsSignificant":false,"categoryCombo":{"id":"bjDvmb4bfuf"},"lastUpdatedBy":{"id":"M5zQapPyTZI"},"user":{"id":"M5zQapPyTZI"},"translations":[],"userGroupAccesses":[],"attributeValues":[],"userAccesses":[],"legendSets":[],"aggregationLevels":[]},{"lastUpdated":"2023-11-07T06:11:08.131","id":"no3iLZshBY5","created":"2023-11-07T05:23:58.847","name":"Surname","shortName":"surname","aggregationType":"NONE","domainType":"TRACKER","publicAccess":"rw------","valueType":"TEXT","zeroIsSignificant":false,"categoryCombo":{"id":"bjDvmb4bfuf"},"lastUpdatedBy":{"id":"M5zQapPyTZI"},"user":{"id":"M5zQapPyTZI"},"translations":[],"userGroupAccesses":[],"attributeValues":[],"userAccesses":[],"legendSets":[],"aggregationLevels":[]}],"userRoles":[{"created":"2023-11-07T06:17:39.133","lastUpdated":"2023-11-07T06:17:39.133","name":"Superuser","id":"yrB6vc5Ip3r","publicAccess":"rw------","description":"Superuser","lastUpdatedBy":{"id":"M5zQapPyTZI"},"user":{"id":"M5zQapPyTZI"},"userGroupAccesses":[],"authorities":["F_PROGRAM_INDICATOR_PUBLIC_ADD","F_USERGROUP_MANAGING_RELATIONSHIPS_ADD","F_USER_VIEW","F_DATAELEMENTGROUP_PUBLIC_ADD","F_GENERATE_MIN_MAX_VALUES","F_USER_GROUPS_READ_ONLY_ADD_MEMBERS","F_PREDICTOR_RUN","F_VALIDATIONRULE_PUBLIC_ADD","F_ATTRIBUTE_PUBLIC_ADD","M_dhis-web-translations","F_SEND_EMAIL","M_dhis-web-event-reports","F_VIEW_UNAPPROVED_DATA","F_USERGROUP_MANAGING_RELATIONSHIPS_VIEW","F_PREDICTOR_ADD","F_EXPORT_DATA","F_USERGROUP_PUBLIC_ADD","F_TRACKED_ENTITY_ATTRIBUTE_PUBLIC_ADD","F_TRACKED_ENTITY_ADD","F_APPROVE_DATA_LOWER_LEVELS","F_ORGUNITGROUP_PUBLIC_ADD","M_dhis-web-reports","F_OPTIONSET_PUBLIC_ADD","F_ORGANISATIONUNIT_MOVE","F_EXTERNAL_MAP_LAYER_PUBLIC_ADD","M_dhis-web-dataentry","M_dhis-web-import-export","F_ORGANISATIONUNIT_DELETE","F_PROGRAM_RULE_ADD","F_USERROLE_PUBLIC_ADD","F_ORGUNITGROUPSET_PUBLIC_ADD","F_DATASET_PUBLIC_ADD","F_DASHBOARD_PUBLIC_ADD","F_METADATA_IMPORT","F_EXPORT_EVENTS","F_PERFORM_MAINTENANCE","F_METADATA_EXPORT","F_APPROVE_DATA","F_EVENTREPORT_PUBLIC_ADD","F_TRACKED_ENTITY_UPDATE","F_METADATA_MANAGE","F_UNCOMPLETE_EVENT","F_TRACKED_ENTITY_INSTANCE_SEARCH_IN_ALL_ORGUNITS","ALL","M_dhis-web-interpretation","F_IGNORE_TRACKER_REQUIRED_VALUE_VALIDATION","F_PROGRAM_PUBLIC_ADD","F_ORGANISATIONUNIT_ADD","M_dhis-web-user","F_CONSTANT_ADD","F_REPLICATE_USER","F_DATAVALUE_ADD","F_INSERT_CUSTOM_JS_CSS","F_ENROLLMENT_CASCADE_DELETE","F_VIEW_EVENT_ANALYTICS","F_IMPORT_EVENTS","F_PROGRAM_RULE_MANAGEMENT","F_TEI_CASCADE_DELETE","F_EDIT_EXPIRED","F_EVENTCHART_PUBLIC_ADD","F_PUSH_ANALYSIS_ADD","M_dhis-web-event-visualizer","F_USER_ADD","F_PROGRAM_DASHBOARD_CONFIG_ADMIN","M_dhis-web-datastore","F_DOCUMENT_PUBLIC_ADD","F_PROGRAM_TRACKED_ENTITY_ATTRIBUTE_GROUP_ADD","F_SKIP_DATA_IMPORT_AUDIT","F_DATAELEMENT_PUBLIC_ADD","F_RUN_VALIDATION","F_IMPORT_DATA","M_dhis-web-tracker-capture","F_LOCALE_ADD","F_PROGRAMSTAGE_ADD","F_SECTION_ADD","M_dhis-web-dashboard","M_dhis-web-data-administration","F_ACCEPT_DATA_LOWER_LEVELS","M_dhis-web-capture","F_PROGRAM_INDICATOR_GROUP_PUBLIC_ADD","M_dhis-web-app-management","F_DATAELEMENTGROUPSET_PUBLIC_ADD"],"translations":[],"userAccesses":[]}],"organisationUnits":[{"code":"DC","level":1,"created":"2023-11-06T16:49:21.045","lastUpdated":"2023-11-06T16:49:21.298","name":"Diabetes Compass Org Unit","id":"lmG8U7mdaZu","shortName":"Diabetes Compass","path":"/lmG8U7mdaZu","openingDate":"2023-10-31T00:00:00.000","lastUpdatedBy":{"id":"M5zQapPyTZI"},"user":{"id":"M5zQapPyTZI"},"attributeValues":[],"translations":[]}],"categoryCombos":[{"code":"default","created":"2023-11-06T14:43:34.732","lastUpdated":"2023-11-06T14:43:34.796","name":"default","id":"bjDvmb4bfuf","dataDimensionType":"DISAGGREGATION","publicAccess":"rw------","skipTotal":false,"userGroupAccesses":[],"translations":[],"userAccesses":[],"categories":[{"id":"GLevLNI9wkl"}]}],"categories":[{"code":"default","created":"2023-11-06T14:43:34.698","lastUpdated":"2023-11-06T14:43:34.945","name":"default","id":"GLevLNI9wkl","dataDimensionType":"DISAGGREGATION","publicAccess":"rw------","dataDimension":false,"userGroupAccesses":[],"attributeValues":[],"translations":[],"userAccesses":[],"categoryOptions":[{"id":"xYerKDKCefk"}]}],"dataSets":[{"code":"DC","lastUpdated":"2023-11-07T06:44:24.058","id":"nr3JAghcv0T","created":"2023-11-06T17:00:18.922","name":"Diabetes Compass Data Set","shortName":"DC Data Set","validCompleteOnly":false,"dataElementDecoration":false,"publicAccess":"rw------","notifyCompletingUser":false,"noValueRequiresComment":false,"skipOffline":false,"compulsoryFieldsCompleteOnly":false,"fieldCombinationRequired":false,"renderHorizontally":false,"renderAsTabs":false,"mobile":false,"version":3,"timelyDays":15,"periodType":"Daily","openFuturePeriods":0,"expiryDays":0,"categoryCombo":{"id":"bjDvmb4bfuf"},"lastUpdatedBy":{"id":"M5zQapPyTZI"},"user":{"id":"M5zQapPyTZI"},"dataSetElements":[{"dataElement":{"id":"P2T75hKyE4l"},"dataSet":{"id":"nr3JAghcv0T"}},{"dataElement":{"id":"giN6DRnx0Z9"},"dataSet":{"id":"nr3JAghcv0T"}},{"dataElement":{"id":"jc0LABQPhOn"},"dataSet":{"id":"nr3JAghcv0T"}}],"compulsoryDataElementOperands":[],"translations":[],"dataInputPeriods":[],"organisationUnits":[{"id":"lmG8U7mdaZu"}],"userGroupAccesses":[],"attributeValues":[],"indicators":[],"userAccesses":[],"legendSets":[]},{"lastUpdated":"2023-11-07T05:27:06.299","id":"pPk01ci7NyJ","created":"2023-11-07T02:53:20.328","name":"Patient Dataset","shortName":"Patient","validCompleteOnly":false,"dataElementDecoration":false,"publicAccess":"rw------","notifyCompletingUser":false,"noValueRequiresComment":false,"skipOffline":false,"compulsoryFieldsCompleteOnly":false,"fieldCombinationRequired":false,"renderHorizontally":false,"renderAsTabs":false,"mobile":false,"version":1,"timelyDays":15,"periodType":"Daily","openFuturePeriods":0,"expiryDays":0,"categoryCombo":{"id":"bjDvmb4bfuf"},"lastUpdatedBy":{"id":"M5zQapPyTZI"},"user":{"id":"M5zQapPyTZI"},"dataSetElements":[{"dataElement":{"id":"E45QoIvx0TU"},"dataSet":{"id":"pPk01ci7NyJ"}},{"dataElement":{"id":"no3iLZshBY5"},"dataSet":{"id":"pPk01ci7NyJ"}},{"dataElement":{"id":"pg4TmJyQgGT"},"dataSet":{"id":"pPk01ci7NyJ"}},{"dataElement":{"id":"XRcV3VfK4cY"},"dataSet":{"id":"pPk01ci7NyJ"}}],"compulsoryDataElementOperands":[],"translations":[],"dataInputPeriods":[],"organisationUnits":[{"id":"lmG8U7mdaZu"}],"userGroupAccesses":[],"attributeValues":[],"indicators":[],"userAccesses":[],"legendSets":[]}],"users":[{"code":"admin","lastUpdated":"2023-11-06T17:07:39.441","id":"M5zQapPyTZI","created":"2023-11-06T15:06:24.307","surname":"admin","firstName":"admin","userCredentials":{"lastUpdated":"2023-11-06T17:07:39.373","id":"KvMx6c1eoYo","created":"2023-11-06T17:07:39.373","name":"admin admin","lastLogin":"2023-11-07T18:35:32.457","displayName":"admin admin","externalAuth":false,"externalAccess":false,"disabled":false,"twoFA":false,"passwordLastUpdated":"2023-11-06T17:07:39.373","invitation":false,"selfRegistered":false,"favorite":false,"username":"admin","userInfo":{"id":"M5zQapPyTZI"},"access":{"read":true,"update":true,"externalize":true,"delete":true,"write":true,"manage":true},"favorites":[],"cogsDimensionConstraints":[],"catDimensionConstraints":[],"translations":[],"userGroupAccesses":[],"attributeValues":[],"userRoles":[{"id":"yrB6vc5Ip3r"}],"userAccesses":[]},"teiSearchOrganisationUnits":[{"id":"lmG8U7mdaZu"}],"organisationUnits":[{"id":"lmG8U7mdaZu"}],"dataViewOrganisationUnits":[{"id":"lmG8U7mdaZu"}],"attributeValues":[]}],"categoryOptionCombos":[{"lastUpdated":"2023-11-06T14:43:34.777","code":"default","created":"2023-11-06T14:43:34.753","name":"default","id":"HllvX50cXC0","ignoreApproval":false,"categoryCombo":{"id":"bjDvmb4bfuf"},"translations":[],"attributeValues":[],"categoryOptions":[{"id":"xYerKDKCefk"}]}],"programStageSections":[{"created":"2023-11-07T06:35:12.759","lastUpdated":"2023-11-07T06:35:12.759","name":"Screening","id":"fIOibKTBaok","sortOrder":0,"renderType":{"MOBILE":{"type":"LISTING"},"DESKTOP":{"type":"LISTING"}},"lastUpdatedBy":{"id":"M5zQapPyTZI"},"programStage":{"id":"yDGvBzlPXiW"},"programIndicators":[],"translations":[],"dataElements":[{"id":"pg4TmJyQgGT"},{"id":"no3iLZshBY5"},{"id":"E45QoIvx0TU"},{"id":"XRcV3VfK4cY"}]}],"programStages":[{"lastUpdated":"2023-11-07T06:35:12.801","id":"yDGvBzlPXiW","created":"2023-11-07T06:02:21.275","name":"DC Screening","allowGenerateNextVisit":false,"preGenerateUID":false,"publicAccess":"rw------","openAfterEnrollment":false,"repeatable":false,"remindCompleted":false,"displayGenerateEventBox":true,"generatedByEnrollmentDate":false,"validationStrategy":"ON_COMPLETE","autoGenerateEvent":true,"hideDueDate":false,"blockEntryForm":false,"enableUserAssignment":false,"minDaysFromStart":0,"program":{"id":"tziVVBXSafU"},"lastUpdatedBy":{"id":"M5zQapPyTZI"},"user":{"id":"M5zQapPyTZI"},"notificationTemplates":[],"programStageDataElements":[{"lastUpdated":"2023-11-07T06:35:12.804","id":"XmtUr7ICTml","created":"2023-11-07T06:12:13.879","displayInReports":false,"skipSynchronization":false,"externalAccess":false,"renderOptionsAsRadio":false,"allowFutureDate":false,"renderType":{"DESKTOP":{"type":"DEFAULT"}},"compulsory":false,"allowProvidedElsewhere":false,"sortOrder":1,"favorite":false,"access":{"read":true,"update":true,"externalize":true,"delete":true,"write":true,"manage":true},"programStage":{"id":"yDGvBzlPXiW"},"dataElement":{"id":"XRcV3VfK4cY"},"favorites":[],"translations":[],"userGroupAccesses":[],"attributeValues":[],"userAccesses":[]},{"lastUpdated":"2023-11-07T06:35:12.804","id":"u59A2CQ3KqF","created":"2023-11-07T06:12:13.878","displayInReports":false,"skipSynchronization":false,"externalAccess":false,"renderOptionsAsRadio":false,"allowFutureDate":false,"compulsory":false,"allowProvidedElsewhere":false,"sortOrder":2,"favorite":false,"access":{"read":true,"update":true,"externalize":true,"delete":true,"write":true,"manage":true},"programStage":{"id":"yDGvBzlPXiW"},"dataElement":{"id":"E45QoIvx0TU"},"favorites":[],"translations":[],"userGroupAccesses":[],"attributeValues":[],"userAccesses":[]},{"lastUpdated":"2023-11-07T06:35:12.804","id":"dxeJOaG8U1Q","created":"2023-11-07T06:12:13.879","displayInReports":false,"skipSynchronization":false,"externalAccess":false,"renderOptionsAsRadio":false,"allowFutureDate":false,"compulsory":false,"allowProvidedElsewhere":false,"sortOrder":3,"favorite":false,"access":{"read":true,"update":true,"externalize":true,"delete":true,"write":true,"manage":true},"programStage":{"id":"yDGvBzlPXiW"},"dataElement":{"id":"pg4TmJyQgGT"},"favorites":[],"translations":[],"userGroupAccesses":[],"attributeValues":[],"userAccesses":[]},{"lastUpdated":"2023-11-07T06:35:12.803","id":"PLtIOLGV3sS","created":"2023-11-07T06:12:13.878","displayInReports":false,"skipSynchronization":false,"externalAccess":false,"renderOptionsAsRadio":false,"allowFutureDate":false,"compulsory":false,"allowProvidedElsewhere":false,"sortOrder":4,"favorite":false,"access":{"read":true,"update":true,"externalize":true,"delete":true,"write":true,"manage":true},"programStage":{"id":"yDGvBzlPXiW"},"dataElement":{"id":"no3iLZshBY5"},"favorites":[],"translations":[],"userGroupAccesses":[],"attributeValues":[],"userAccesses":[]}],"translations":[],"userGroupAccesses":[],"attributeValues":[],"userAccesses":[],"programStageSections":[{"id":"fIOibKTBaok"}]}],"attributes":[{"lastUpdated":"2023-11-07T06:33:53.108","id":"mL7CizHIFPg","created":"2023-11-07T06:33:53.108","name":"Birthdate","indicatorAttribute":false,"indicatorGroupAttribute":false,"publicAccess":"rw------","userGroupAttribute":false,"dataElementAttribute":false,"constantAttribute":false,"valueType":"DATE","categoryOptionAttribute":false,"optionSetAttribute":false,"sqlViewAttribute":false,"legendSetAttribute":false,"trackedEntityAttributeAttribute":false,"organisationUnitAttribute":false,"dataSetAttribute":false,"documentAttribute":false,"unique":false,"validationRuleGroupAttribute":false,"dataElementGroupAttribute":false,"sectionAttribute":false,"trackedEntityTypeAttribute":false,"userAttribute":false,"mandatory":false,"categoryOptionGroupAttribute":false,"programStageAttribute":false,"programAttribute":false,"categoryAttribute":false,"categoryOptionComboAttribute":false,"categoryOptionGroupSetAttribute":false,"validationRuleAttribute":false,"programIndicatorAttribute":false,"organisationUnitGroupAttribute":false,"dataElementGroupSetAttribute":false,"organisationUnitGroupSetAttribute":false,"optionAttribute":false,"lastUpdatedBy":{"id":"M5zQapPyTZI"},"user":{"id":"M5zQapPyTZI"},"translations":[],"userGroupAccesses":[],"userAccesses":[]},{"lastUpdated":"2023-11-07T06:33:30.221","id":"tzeCvDRVrDZ","created":"2023-11-07T06:33:30.221","name":"Gender","shortName":"gender","indicatorAttribute":false,"indicatorGroupAttribute":false,"publicAccess":"rw------","userGroupAttribute":false,"dataElementAttribute":false,"constantAttribute":false,"valueType":"TEXT","categoryOptionAttribute":false,"optionSetAttribute":false,"sqlViewAttribute":false,"legendSetAttribute":false,"trackedEntityAttributeAttribute":false,"organisationUnitAttribute":false,"dataSetAttribute":false,"documentAttribute":false,"unique":false,"validationRuleGroupAttribute":false,"dataElementGroupAttribute":false,"sectionAttribute":false,"trackedEntityTypeAttribute":false,"userAttribute":false,"mandatory":false,"categoryOptionGroupAttribute":false,"programStageAttribute":false,"programAttribute":false,"categoryAttribute":false,"categoryOptionComboAttribute":false,"categoryOptionGroupSetAttribute":false,"validationRuleAttribute":false,"programIndicatorAttribute":false,"organisationUnitGroupAttribute":false,"dataElementGroupSetAttribute":false,"organisationUnitGroupSetAttribute":false,"optionAttribute":false,"lastUpdatedBy":{"id":"M5zQapPyTZI"},"user":{"id":"M5zQapPyTZI"},"translations":[],"userGroupAccesses":[],"userAccesses":[]},{"lastUpdated":"2023-11-07T06:32:49.891","id":"kHOJy6eAKcL","created":"2023-11-07T06:32:49.891","name":"Name","shortName":"name","indicatorAttribute":false,"indicatorGroupAttribute":false,"publicAccess":"rw------","userGroupAttribute":false,"dataElementAttribute":false,"constantAttribute":false,"valueType":"TEXT","categoryOptionAttribute":false,"optionSetAttribute":false,"sqlViewAttribute":false,"legendSetAttribute":false,"trackedEntityAttributeAttribute":false,"organisationUnitAttribute":false,"dataSetAttribute":false,"documentAttribute":false,"unique":false,"validationRuleGroupAttribute":false,"dataElementGroupAttribute":false,"sectionAttribute":false,"trackedEntityTypeAttribute":false,"userAttribute":false,"mandatory":false,"categoryOptionGroupAttribute":false,"programStageAttribute":false,"programAttribute":false,"categoryAttribute":false,"categoryOptionComboAttribute":false,"categoryOptionGroupSetAttribute":false,"validationRuleAttribute":false,"programIndicatorAttribute":false,"organisationUnitGroupAttribute":false,"dataElementGroupSetAttribute":false,"organisationUnitGroupSetAttribute":false,"optionAttribute":false,"lastUpdatedBy":{"id":"M5zQapPyTZI"},"user":{"id":"M5zQapPyTZI"},"translations":[],"userGroupAccesses":[],"userAccesses":[]},{"lastUpdated":"2023-11-07T06:33:15.886","id":"WQw8tMkMZXj","created":"2023-11-07T06:33:15.886","name":"Surname","shortName":"surname","indicatorAttribute":false,"indicatorGroupAttribute":false,"publicAccess":"rw------","userGroupAttribute":false,"dataElementAttribute":false,"constantAttribute":false,"valueType":"TEXT","categoryOptionAttribute":false,"optionSetAttribute":false,"sqlViewAttribute":false,"legendSetAttribute":false,"trackedEntityAttributeAttribute":false,"organisationUnitAttribute":false,"dataSetAttribute":false,"documentAttribute":false,"unique":false,"validationRuleGroupAttribute":false,"dataElementGroupAttribute":false,"sectionAttribute":false,"trackedEntityTypeAttribute":false,"userAttribute":false,"mandatory":false,"categoryOptionGroupAttribute":false,"programStageAttribute":false,"programAttribute":false,"categoryAttribute":false,"categoryOptionComboAttribute":false,"categoryOptionGroupSetAttribute":false,"validationRuleAttribute":false,"programIndicatorAttribute":false,"organisationUnitGroupAttribute":false,"dataElementGroupSetAttribute":false,"organisationUnitGroupSetAttribute":false,"optionAttribute":false,"lastUpdatedBy":{"id":"M5zQapPyTZI"},"user":{"id":"M5zQapPyTZI"},"translations":[],"userGroupAccesses":[],"userAccesses":[]}]}