{"system":{"rev":"071f135","version":"2.33.0","date":"2023-11-20T20:00:05.887"},"optionSets":[{"code":"Facility option set","created":"2023-11-20T10:14:01.547","lastUpdated":"2023-11-20T10:14:55.738","name":"Facility","id":"dnDDm7j2k8L","publicAccess":"rw------","version":2,"valueType":"TEXT","lastUpdatedBy":{"id":"M5zQapPyTZI"},"user":{"id":"M5zQapPyTZI"},"userGroupAccesses":[],"attributeValues":[],"translations":[],"userAccesses":[],"options":[{"id":"t3hG53dUjfx"},{"id":"aRYrrFxCPX6"}]},{"created":"2023-11-20T10:03:16.009","lastUpdated":"2023-11-20T10:03:57.615","name":"Gender","id":"ioHuB0cToDx","publicAccess":"rw------","version":2,"valueType":"TEXT","lastUpdatedBy":{"id":"M5zQapPyTZI"},"user":{"id":"M5zQapPyTZI"},"userGroupAccesses":[],"attributeValues":[],"translations":[],"userAccesses":[],"options":[{"id":"YkhGFYxnvXT"},{"id":"EOsLxmKCELz"}]},{"code":"Practitioner option set","created":"2023-11-20T10:11:36.420","lastUpdated":"2023-11-20T10:12:07.790","name":"Practitioner","id":"pKPJqhWXm0R","publicAccess":"rw------","version":2,"valueType":"TEXT","lastUpdatedBy":{"id":"M5zQapPyTZI"},"user":{"id":"M5zQapPyTZI"},"userGroupAccesses":[],"attributeValues":[],"translations":[],"userAccesses":[],"options":[{"id":"im2n5Shxfgz"},{"id":"SNWbhpLhnF5"}]}],"users":[{"code":"admin","lastUpdated":"2023-11-20T11:38:53.724","id":"M5zQapPyTZI","created":"2023-11-06T15:06:24.307","surname":"admin","firstName":"admin","userCredentials":{"lastUpdated":"2023-11-20T11:38:53.699","id":"KvMx6c1eoYo","created":"2023-11-20T11:38:53.699","name":"admin admin","lastLogin":"2023-11-20T19:59:53.422","displayName":"admin admin","externalAuth":false,"externalAccess":false,"disabled":false,"twoFA":false,"passwordLastUpdated":"2023-11-20T11:38:53.699","invitation":false,"selfRegistered":false,"favorite":false,"username":"admin","userInfo":{"id":"M5zQapPyTZI"},"access":{"read":true,"update":true,"externalize":true,"delete":true,"write":true,"manage":true},"favorites":[],"cogsDimensionConstraints":[],"catDimensionConstraints":[],"translations":[],"userGroupAccesses":[],"attributeValues":[],"userRoles":[{"id":"yrB6vc5Ip3r"}],"userAccesses":[]},"teiSearchOrganisationUnits":[{"id":"YeBde9PUw9d"},{"id":"dxqK949cgkt"},{"id":"RUIgh6kpykD"},{"id":"HBHZKhaYf8y"},{"id":"mLGLUjOFK7x"},{"id":"TO4o66GVGqq"},{"id":"lmG8U7mdaZu"},{"id":"qzhHj2BJsMX"}],"organisationUnits":[{"id":"YeBde9PUw9d"},{"id":"dxqK949cgkt"},{"id":"HBHZKhaYf8y"},{"id":"RUIgh6kpykD"},{"id":"mLGLUjOFK7x"},{"id":"TO4o66GVGqq"},{"id":"lmG8U7mdaZu"},{"id":"qzhHj2BJsMX"}],"dataViewOrganisationUnits":[{"id":"YeBde9PUw9d"},{"id":"dxqK949cgkt"},{"id":"HBHZKhaYf8y"},{"id":"RUIgh6kpykD"},{"id":"mLGLUjOFK7x"},{"id":"TO4o66GVGqq"},{"id":"lmG8U7mdaZu"},{"id":"qzhHj2BJsMX"}],"attributeValues":[]}],"attributes":[{"lastUpdated":"2023-11-20T09:59:51.548","id":"mL7CizHIFPg","created":"2023-11-07T06:33:53.108","name":"Birthdate","indicatorAttribute":false,"indicatorGroupAttribute":false,"publicAccess":"rw------","userGroupAttribute":false,"dataElementAttribute":false,"constantAttribute":false,"valueType":"DATE","categoryOptionAttribute":false,"optionSetAttribute":false,"sqlViewAttribute":false,"legendSetAttribute":false,"trackedEntityAttributeAttribute":false,"organisationUnitAttribute":false,"dataSetAttribute":false,"documentAttribute":false,"unique":false,"validationRuleGroupAttribute":false,"dataElementGroupAttribute":false,"sectionAttribute":false,"trackedEntityTypeAttribute":false,"userAttribute":false,"mandatory":false,"categoryOptionGroupAttribute":false,"programStageAttribute":false,"programAttribute":false,"categoryAttribute":false,"categoryOptionComboAttribute":false,"categoryOptionGroupSetAttribute":false,"validationRuleAttribute":false,"programIndicatorAttribute":false,"organisationUnitGroupAttribute":false,"dataElementGroupSetAttribute":false,"organisationUnitGroupSetAttribute":false,"optionAttribute":false,"lastUpdatedBy":{"id":"M5zQapPyTZI"},"user":{"id":"M5zQapPyTZI"},"translations":[],"userGroupAccesses":[],"userAccesses":[]},{"lastUpdated":"2023-11-20T09:59:51.549","id":"tzeCvDRVrDZ","created":"2023-11-07T06:33:30.221","name":"Gender","shortName":"gender","indicatorAttribute":false,"indicatorGroupAttribute":false,"publicAccess":"rw------","userGroupAttribute":false,"dataElementAttribute":false,"constantAttribute":false,"valueType":"TEXT","categoryOptionAttribute":false,"optionSetAttribute":false,"sqlViewAttribute":false,"legendSetAttribute":false,"trackedEntityAttributeAttribute":false,"organisationUnitAttribute":false,"dataSetAttribute":false,"documentAttribute":false,"unique":false,"validationRuleGroupAttribute":false,"dataElementGroupAttribute":false,"sectionAttribute":false,"trackedEntityTypeAttribute":false,"userAttribute":false,"mandatory":false,"categoryOptionGroupAttribute":false,"programStageAttribute":false,"programAttribute":false,"categoryAttribute":false,"categoryOptionComboAttribute":false,"categoryOptionGroupSetAttribute":false,"validationRuleAttribute":false,"programIndicatorAttribute":false,"organisationUnitGroupAttribute":false,"dataElementGroupSetAttribute":false,"organisationUnitGroupSetAttribute":false,"optionAttribute":false,"lastUpdatedBy":{"id":"M5zQapPyTZI"},"user":{"id":"M5zQapPyTZI"},"translations":[],"userGroupAccesses":[],"userAccesses":[]},{"lastUpdated":"2023-11-20T09:59:51.549","id":"kHOJy6eAKcL","created":"2023-11-07T06:32:49.891","name":"Name","shortName":"name","indicatorAttribute":false,"indicatorGroupAttribute":false,"publicAccess":"rw------","userGroupAttribute":false,"dataElementAttribute":false,"constantAttribute":false,"valueType":"TEXT","categoryOptionAttribute":false,"optionSetAttribute":false,"sqlViewAttribute":false,"legendSetAttribute":false,"trackedEntityAttributeAttribute":false,"organisationUnitAttribute":false,"dataSetAttribute":false,"documentAttribute":false,"unique":false,"validationRuleGroupAttribute":false,"dataElementGroupAttribute":false,"sectionAttribute":false,"trackedEntityTypeAttribute":false,"userAttribute":false,"mandatory":false,"categoryOptionGroupAttribute":false,"programStageAttribute":false,"programAttribute":false,"categoryAttribute":false,"categoryOptionComboAttribute":false,"categoryOptionGroupSetAttribute":false,"validationRuleAttribute":false,"programIndicatorAttribute":false,"organisationUnitGroupAttribute":false,"dataElementGroupSetAttribute":false,"organisationUnitGroupSetAttribute":false,"optionAttribute":false,"lastUpdatedBy":{"id":"M5zQapPyTZI"},"user":{"id":"M5zQapPyTZI"},"translations":[],"userGroupAccesses":[],"userAccesses":[]},{"lastUpdated":"2023-11-20T09:59:51.549","id":"WQw8tMkMZXj","created":"2023-11-07T06:33:15.886","name":"Surname","shortName":"surname","indicatorAttribute":false,"indicatorGroupAttribute":false,"publicAccess":"rw------","userGroupAttribute":false,"dataElementAttribute":false,"constantAttribute":false,"valueType":"TEXT","categoryOptionAttribute":false,"optionSetAttribute":false,"sqlViewAttribute":false,"legendSetAttribute":false,"trackedEntityAttributeAttribute":false,"organisationUnitAttribute":false,"dataSetAttribute":false,"documentAttribute":false,"unique":false,"validationRuleGroupAttribute":false,"dataElementGroupAttribute":false,"sectionAttribute":false,"trackedEntityTypeAttribute":false,"userAttribute":false,"mandatory":false,"categoryOptionGroupAttribute":false,"programStageAttribute":false,"programAttribute":false,"categoryAttribute":false,"categoryOptionComboAttribute":false,"categoryOptionGroupSetAttribute":false,"validationRuleAttribute":false,"programIndicatorAttribute":false,"organisationUnitGroupAttribute":false,"dataElementGroupSetAttribute":false,"organisationUnitGroupSetAttribute":false,"optionAttribute":false,"lastUpdatedBy":{"id":"M5zQapPyTZI"},"user":{"id":"M5zQapPyTZI"},"translations":[],"userGroupAccesses":[],"userAccesses":[]}],"options":[{"code":"Baduraliya Facility","created":"2023-11-20T10:14:30.801","lastUpdated":"2023-11-20T10:14:30.845","name":"Baduraliya Facility","id":"t3hG53dUjfx","sortOrder":1,"optionSet":{"id":"dnDDm7j2k8L"},"attributeValues":[],"translations":[]},{"code":"Female","created":"2023-11-20T10:03:57.354","lastUpdated":"2023-11-20T10:03:57.406","name":"Female","id":"EOsLxmKCELz","sortOrder":2,"optionSet":{"id":"ioHuB0cToDx"},"attributeValues":[],"translations":[]},{"code":"Gonnaduwa facility","created":"2023-11-20T10:14:55.538","lastUpdated":"2023-11-20T10:14:55.569","name":"Gonnaduwa facility","id":"aRYrrFxCPX6","sortOrder":2,"optionSet":{"id":"dnDDm7j2k8L"},"attributeValues":[],"translations":[]},{"code":"Gunawardhana","created":"2023-11-20T10:12:07.555","lastUpdated":"2023-11-20T10:12:07.618","name":"Gunawardhana","id":"SNWbhpLhnF5","sortOrder":2,"optionSet":{"id":"pKPJqhWXm0R"},"attributeValues":[],"translations":[]},{"code":"Male","created":"2023-11-20T10:03:37.478","lastUpdated":"2023-11-20T10:03:37.550","name":"Male","id":"YkhGFYxnvXT","sortOrder":1,"optionSet":{"id":"ioHuB0cToDx"},"attributeValues":[],"translations":[]},{"code":"Siriwardhana","created":"2023-11-20T10:11:53.560","lastUpdated":"2023-11-20T10:11:53.608","name":"Siriwardhana","id":"im2n5Shxfgz","sortOrder":1,"optionSet":{"id":"pKPJqhWXm0R"},"attributeValues":[],"translations":[]}],"categories":[{"code":"default","created":"2023-11-20T09:47:28.401","lastUpdated":"2023-11-20T09:47:28.568","name":"default","id":"GLevLNI9wkl","dataDimensionType":"DISAGGREGATION","publicAccess":"rw------","dataDimension":false,"userGroupAccesses":[],"attributeValues":[],"translations":[],"userAccesses":[],"categoryOptions":[{"id":"xYerKDKCefk"}]}],"dataSets":[{"code":"DC","lastUpdated":"2023-11-20T09:59:51.996","id":"nr3JAghcv0T","created":"2023-11-06T17:00:18.922","name":"Diabetes Compass Data Set","shortName":"DC Data Set","validCompleteOnly":false,"dataElementDecoration":false,"publicAccess":"rw------","notifyCompletingUser":false,"noValueRequiresComment":false,"skipOffline":false,"compulsoryFieldsCompleteOnly":false,"fieldCombinationRequired":false,"renderHorizontally":false,"renderAsTabs":false,"mobile":false,"version":3,"timelyDays":15,"periodType":"Daily","openFuturePeriods":0,"expiryDays":0,"categoryCombo":{"id":"bjDvmb4bfuf"},"lastUpdatedBy":{"id":"M5zQapPyTZI"},"user":{"id":"M5zQapPyTZI"},"dataSetElements":[{"dataElement":{"id":"jc0LABQPhOn"},"dataSet":{"id":"nr3JAghcv0T"}},{"dataElement":{"id":"giN6DRnx0Z9"},"dataSet":{"id":"nr3JAghcv0T"}},{"dataElement":{"id":"P2T75hKyE4l"},"dataSet":{"id":"nr3JAghcv0T"}}],"compulsoryDataElementOperands":[],"translations":[],"dataInputPeriods":[],"organisationUnits":[{"id":"lmG8U7mdaZu"}],"userGroupAccesses":[],"attributeValues":[],"indicators":[],"userAccesses":[],"legendSets":[]},{"lastUpdated":"2023-11-20T09:59:51.999","id":"pPk01ci7NyJ","created":"2023-11-07T02:53:20.328","name":"Patient Dataset","shortName":"Patient","validCompleteOnly":false,"dataElementDecoration":false,"publicAccess":"rw------","notifyCompletingUser":false,"noValueRequiresComment":false,"skipOffline":false,"compulsoryFieldsCompleteOnly":false,"fieldCombinationRequired":false,"renderHorizontally":false,"renderAsTabs":false,"mobile":false,"version":1,"timelyDays":15,"periodType":"Daily","openFuturePeriods":0,"expiryDays":0,"categoryCombo":{"id":"bjDvmb4bfuf"},"lastUpdatedBy":{"id":"M5zQapPyTZI"},"user":{"id":"M5zQapPyTZI"},"dataSetElements":[{"dataElement":{"id":"no3iLZshBY5"},"dataSet":{"id":"pPk01ci7NyJ"}},{"dataElement":{"id":"pg4TmJyQgGT"},"dataSet":{"id":"pPk01ci7NyJ"}},{"dataElement":{"id":"E45QoIvx0TU"},"dataSet":{"id":"pPk01ci7NyJ"}},{"dataElement":{"id":"XRcV3VfK4cY"},"dataSet":{"id":"pPk01ci7NyJ"}}],"compulsoryDataElementOperands":[],"translations":[],"dataInputPeriods":[],"organisationUnits":[{"id":"lmG8U7mdaZu"}],"userGroupAccesses":[],"attributeValues":[],"indicators":[],"userAccesses":[],"legendSets":[]}],"programs":[{"lastUpdated":"2023-11-20T18:15:56.630","id":"dPNAzfaYz4e","created":"2023-11-20T18:09:09.987","name":"Community Screening","shortName":"Community Screening","publicAccess":"rw------","completeEventsExpiryDays":0,"ignoreOverdueEvents":false,"skipOffline":false,"minAttributesRequiredToSearch":1,"displayFrontPageList":false,"onlyEnrollOnce":false,"programType":"WITHOUT_REGISTRATION","accessLevel":"OPEN","version":1,"maxTeiCountToReturn":0,"selectIncidentDatesInFuture":false,"displayIncidentDate":true,"selectEnrollmentDatesInFuture":false,"expiryDays":0,"useFirstStageDuringRegistration":false,"categoryCombo":{"id":"bjDvmb4bfuf"},"lastUpdatedBy":{"id":"M5zQapPyTZI"},"user":{"id":"M5zQapPyTZI"},"programTrackedEntityAttributes":[],"notificationTemplates":[],"translations":[],"organisationUnits":[{"id":"RUIgh6kpykD"},{"id":"qzhHj2BJsMX"}],"userGroupAccesses":[],"programSections":[],"attributeValues":[],"programStages":[{"id":"I4pe52OYiNS"}],"userAccesses":[{"access":"rwrw----","displayName":"admin admin","id":"M5zQapPyTZI","userUid":"M5zQapPyTZI"}]},{"lastUpdated":"2023-11-20T12:14:18.278","id":"tziVVBXSafU","created":"2023-11-07T06:02:21.303","name":"Diabetes Compass Screening","shortName":"Screening","publicAccess":"rw------","completeEventsExpiryDays":0,"ignoreOverdueEvents":false,"skipOffline":false,"minAttributesRequiredToSearch":1,"displayFrontPageList":false,"onlyEnrollOnce":false,"programType":"WITHOUT_REGISTRATION","accessLevel":"OPEN","version":3,"maxTeiCountToReturn":0,"selectIncidentDatesInFuture":false,"displayIncidentDate":true,"selectEnrollmentDatesInFuture":false,"expiryDays":0,"useFirstStageDuringRegistration":false,"categoryCombo":{"id":"bjDvmb4bfuf"},"lastUpdatedBy":{"id":"M5zQapPyTZI"},"user":{"id":"M5zQapPyTZI"},"programTrackedEntityAttributes":[],"notificationTemplates":[],"translations":[],"organisationUnits":[{"id":"RUIgh6kpykD"},{"id":"qzhHj2BJsMX"}],"userGroupAccesses":[],"programSections":[],"attributeValues":[],"programStages":[{"id":"yDGvBzlPXiW"}],"userAccesses":[{"access":"rwrw----","displayName":"admin admin","id":"M5zQapPyTZI","userUid":"M5zQapPyTZI"}]}],"programStageSections":[{"created":"2023-11-20T18:14:31.775","lastUpdated":"2023-11-20T18:15:56.565","name":"Patient Details","id":"Oh7Xit3jyTw","sortOrder":0,"renderType":{"MOBILE":{"type":"LISTING"},"DESKTOP":{"type":"LISTING"}},"lastUpdatedBy":{"id":"M5zQapPyTZI"},"programStage":{"id":"I4pe52OYiNS"},"programIndicators":[],"translations":[],"dataElements":[{"id":"GqJW7WVV5Dp"},{"id":"pg4TmJyQgGT"},{"id":"P2T75hKyE4l"},{"id":"E45QoIvx0TU"},{"id":"XRcV3VfK4cY"}]},{"created":"2023-11-07T06:35:12.759","lastUpdated":"2023-11-20T18:01:49.320","name":"Patient Details","id":"fIOibKTBaok","sortOrder":0,"renderType":{"MOBILE":{"type":"LISTING"},"DESKTOP":{"type":"LISTING"}},"lastUpdatedBy":{"id":"M5zQapPyTZI"},"programIndicators":[],"translations":[],"dataElements":[{"id":"pg4TmJyQgGT"},{"id":"P2T75hKyE4l"},{"id":"XRcV3VfK4cY"}]},{"created":"2023-11-20T18:14:31.775","lastUpdated":"2023-11-20T18:15:56.565","name":"Referral","id":"KQwcxES88Rh","sortOrder":2,"renderType":{"MOBILE":{"type":"LISTING"},"DESKTOP":{"type":"LISTING"}},"lastUpdatedBy":{"id":"M5zQapPyTZI"},"programStage":{"id":"I4pe52OYiNS"},"programIndicators":[],"translations":[],"dataElements":[{"id":"kAKroC6WGON"}]},{"created":"2023-11-20T11:30:18.734","lastUpdated":"2023-11-20T18:05:46.400","name":"Referrals","id":"Aq0q7IxeQbc","sortOrder":2,"renderType":{"MOBILE":{"type":"LISTING"},"DESKTOP":{"type":"LISTING"}},"lastUpdatedBy":{"id":"M5zQapPyTZI"},"programIndicators":[],"translations":[],"dataElements":[{"id":"kAKroC6WGON"}]},{"created":"2023-11-20T18:14:31.775","lastUpdated":"2023-11-20T18:15:56.565","name":"Screening","id":"M9IDVfz1vLS","sortOrder":1,"renderType":{"MOBILE":{"type":"LISTING"},"DESKTOP":{"type":"LISTING"}},"lastUpdatedBy":{"id":"M5zQapPyTZI"},"programStage":{"id":"I4pe52OYiNS"},"programIndicators":[],"translations":[],"dataElements":[{"id":"OXXpeUqLryp"},{"id":"jc0LABQPhOn"},{"id":"giN6DRnx0Z9"}]},{"created":"2023-11-20T11:30:18.734","lastUpdated":"2023-11-20T18:05:46.400","name":"Screening","id":"odfTp4O75NY","sortOrder":1,"renderType":{"MOBILE":{"type":"LISTING"},"DESKTOP":{"type":"LISTING"}},"lastUpdatedBy":{"id":"M5zQapPyTZI"},"programIndicators":[],"translations":[],"dataElements":[{"id":"jc0LABQPhOn"},{"id":"OXXpeUqLryp"},{"id":"giN6DRnx0Z9"}]}],"programStages":[{"lastUpdated":"2023-11-20T18:15:56.646","id":"I4pe52OYiNS","created":"2023-11-20T18:09:09.966","name":"Community Screening","allowGenerateNextVisit":false,"preGenerateUID":false,"publicAccess":"rw------","openAfterEnrollment":false,"repeatable":false,"remindCompleted":false,"displayGenerateEventBox":true,"generatedByEnrollmentDate":false,"validationStrategy":"ON_COMPLETE","autoGenerateEvent":true,"hideDueDate":false,"blockEntryForm":false,"enableUserAssignment":false,"minDaysFromStart":0,"program":{"id":"dPNAzfaYz4e"},"lastUpdatedBy":{"id":"M5zQapPyTZI"},"user":{"id":"M5zQapPyTZI"},"notificationTemplates":[],"programStageDataElements":[{"lastUpdated":"2023-11-20T18:15:56.585","id":"YktfIi989lW","created":"2023-11-20T18:12:57.538","displayInReports":true,"skipSynchronization":false,"externalAccess":false,"renderOptionsAsRadio":false,"allowFutureDate":false,"compulsory":false,"allowProvidedElsewhere":false,"sortOrder":1,"favorite":false,"access":{"read":true,"update":true,"externalize":true,"delete":true,"write":true,"manage":true},"programStage":{"id":"I4pe52OYiNS"},"dataElement":{"id":"XRcV3VfK4cY"},"favorites":[],"translations":[],"userGroupAccesses":[],"attributeValues":[],"userAccesses":[]},{"lastUpdated":"2023-11-20T18:15:56.585","id":"pK7oF00Wks7","created":"2023-11-20T18:12:57.538","displayInReports":true,"skipSynchronization":false,"externalAccess":false,"renderOptionsAsRadio":false,"allowFutureDate":false,"compulsory":false,"allowProvidedElsewhere":false,"sortOrder":2,"favorite":false,"access":{"read":true,"update":true,"externalize":true,"delete":true,"write":true,"manage":true},"programStage":{"id":"I4pe52OYiNS"},"dataElement":{"id":"jc0LABQPhOn"},"favorites":[],"translations":[],"userGroupAccesses":[],"attributeValues":[],"userAccesses":[]},{"lastUpdated":"2023-11-20T18:15:56.585","id":"jdlMfrkKqrW","created":"2023-11-20T18:12:57.539","displayInReports":true,"skipSynchronization":false,"externalAccess":false,"renderOptionsAsRadio":false,"allowFutureDate":false,"compulsory":false,"allowProvidedElsewhere":false,"sortOrder":3,"favorite":false,"access":{"read":true,"update":true,"externalize":true,"delete":true,"write":true,"manage":true},"programStage":{"id":"I4pe52OYiNS"},"dataElement":{"id":"kAKroC6WGON"},"favorites":[],"translations":[],"userGroupAccesses":[],"attributeValues":[],"userAccesses":[]},{"lastUpdated":"2023-11-20T18:15:56.585","id":"ydzyDKV6Uyz","created":"2023-11-20T18:12:57.539","displayInReports":true,"skipSynchronization":false,"externalAccess":false,"renderOptionsAsRadio":false,"allowFutureDate":false,"compulsory":false,"allowProvidedElsewhere":false,"sortOrder":4,"favorite":false,"access":{"read":true,"update":true,"externalize":true,"delete":true,"write":true,"manage":true},"programStage":{"id":"I4pe52OYiNS"},"dataElement":{"id":"E45QoIvx0TU"},"favorites":[],"translations":[],"userGroupAccesses":[],"attributeValues":[],"userAccesses":[]},{"lastUpdated":"2023-11-20T18:15:56.585","id":"wE1oOMHuL27","created":"2023-11-20T18:12:57.538","displayInReports":true,"skipSynchronization":false,"externalAccess":false,"renderOptionsAsRadio":false,"allowFutureDate":false,"compulsory":false,"allowProvidedElsewhere":false,"sortOrder":5,"favorite":false,"access":{"read":true,"update":true,"externalize":true,"delete":true,"write":true,"manage":true},"programStage":{"id":"I4pe52OYiNS"},"dataElement":{"id":"pg4TmJyQgGT"},"favorites":[],"translations":[],"userGroupAccesses":[],"attributeValues":[],"userAccesses":[]},{"lastUpdated":"2023-11-20T18:15:56.585","id":"R6lENwmDKSo","created":"2023-11-20T18:12:57.538","displayInReports":true,"skipSynchronization":false,"externalAccess":false,"renderOptionsAsRadio":false,"allowFutureDate":false,"compulsory":false,"allowProvidedElsewhere":false,"sortOrder":6,"favorite":false,"access":{"read":true,"update":true,"externalize":true,"delete":true,"write":true,"manage":true},"programStage":{"id":"I4pe52OYiNS"},"dataElement":{"id":"P2T75hKyE4l"},"favorites":[],"translations":[],"userGroupAccesses":[],"attributeValues":[],"userAccesses":[]},{"lastUpdated":"2023-11-20T18:15:56.585","id":"aq3zjfjFnDn","created":"2023-11-20T18:12:57.539","displayInReports":true,"skipSynchronization":false,"externalAccess":false,"renderOptionsAsRadio":false,"allowFutureDate":false,"compulsory":false,"allowProvidedElsewhere":false,"sortOrder":7,"favorite":false,"access":{"read":true,"update":true,"externalize":true,"delete":true,"write":true,"manage":true},"programStage":{"id":"I4pe52OYiNS"},"dataElement":{"id":"GqJW7WVV5Dp"},"favorites":[],"translations":[],"userGroupAccesses":[],"attributeValues":[],"userAccesses":[]},{"lastUpdated":"2023-11-20T18:15:56.585","id":"Y86zEAvixNc","created":"2023-11-20T18:12:57.537","displayInReports":true,"skipSynchronization":false,"externalAccess":false,"renderOptionsAsRadio":false,"allowFutureDate":false,"compulsory":false,"allowProvidedElsewhere":false,"sortOrder":8,"favorite":false,"access":{"read":true,"update":true,"externalize":true,"delete":true,"write":true,"manage":true},"programStage":{"id":"I4pe52OYiNS"},"dataElement":{"id":"OXXpeUqLryp"},"favorites":[],"translations":[],"userGroupAccesses":[],"attributeValues":[],"userAccesses":[]},{"lastUpdated":"2023-11-20T18:15:56.584","id":"kyoutgNmreP","created":"2023-11-20T18:12:57.537","displayInReports":true,"skipSynchronization":false,"externalAccess":false,"renderOptionsAsRadio":false,"allowFutureDate":false,"compulsory":false,"allowProvidedElsewhere":false,"sortOrder":9,"favorite":false,"access":{"read":true,"update":true,"externalize":true,"delete":true,"write":true,"manage":true},"programStage":{"id":"I4pe52OYiNS"},"dataElement":{"id":"giN6DRnx0Z9"},"favorites":[],"translations":[],"userGroupAccesses":[],"attributeValues":[],"userAccesses":[]},{"lastUpdated":"2023-11-20T18:15:56.585","id":"DyZQVhqkG44","created":"2023-11-20T18:12:57.539","displayInReports":true,"skipSynchronization":false,"externalAccess":false,"renderOptionsAsRadio":false,"allowFutureDate":false,"compulsory":false,"allowProvidedElsewhere":false,"sortOrder":10,"favorite":false,"access":{"read":true,"update":true,"externalize":true,"delete":true,"write":true,"manage":true},"programStage":{"id":"I4pe52OYiNS"},"dataElement":{"id":"no3iLZshBY5"},"favorites":[],"translations":[],"userGroupAccesses":[],"attributeValues":[],"userAccesses":[]}],"translations":[],"userGroupAccesses":[],"attributeValues":[],"userAccesses":[{"access":"rwrw----","displayName":"admin admin","id":"M5zQapPyTZI","userUid":"M5zQapPyTZI"}],"programStageSections":[{"id":"Oh7Xit3jyTw"},{"id":"M9IDVfz1vLS"},{"id":"KQwcxES88Rh"}]},{"lastUpdated":"2023-11-20T18:06:19.127","id":"yDGvBzlPXiW","created":"2023-11-07T06:02:21.275","name":"Diabetes Compass Screening","allowGenerateNextVisit":false,"preGenerateUID":false,"publicAccess":"rw------","openAfterEnrollment":false,"repeatable":false,"remindCompleted":false,"displayGenerateEventBox":true,"generatedByEnrollmentDate":false,"validationStrategy":"ON_COMPLETE","autoGenerateEvent":true,"hideDueDate":false,"blockEntryForm":false,"enableUserAssignment":true,"minDaysFromStart":0,"program":{"id":"tziVVBXSafU"},"lastUpdatedBy":{"id":"M5zQapPyTZI"},"user":{"id":"M5zQapPyTZI"},"notificationTemplates":[],"programStageDataElements":[{"lastUpdated":"2023-11-20T18:06:19.135","id":"HKInJln4fwl","created":"2023-11-20T18:05:46.420","displayInReports":false,"skipSynchronization":false,"externalAccess":false,"renderOptionsAsRadio":false,"allowFutureDate":false,"compulsory":false,"allowProvidedElsewhere":false,"sortOrder":1,"favorite":false,"access":{"read":true,"update":true,"externalize":true,"delete":true,"write":true,"manage":true},"programStage":{"id":"yDGvBzlPXiW"},"dataElement":{"id":"XRcV3VfK4cY"},"favorites":[],"translations":[],"userGroupAccesses":[],"attributeValues":[],"userAccesses":[]},{"lastUpdated":"2023-11-20T18:06:19.133","id":"H3kN9a85AOT","created":"2023-11-20T18:05:46.419","displayInReports":false,"skipSynchronization":false,"externalAccess":false,"renderOptionsAsRadio":false,"allowFutureDate":false,"compulsory":false,"allowProvidedElsewhere":false,"sortOrder":2,"favorite":false,"access":{"read":true,"update":true,"externalize":true,"delete":true,"write":true,"manage":true},"programStage":{"id":"yDGvBzlPXiW"},"dataElement":{"id":"jc0LABQPhOn"},"favorites":[],"translations":[],"userGroupAccesses":[],"attributeValues":[],"userAccesses":[]},{"lastUpdated":"2023-11-20T18:06:19.134","id":"k7dVyoLx5nG","created":"2023-11-20T18:05:46.420","displayInReports":false,"skipSynchronization":false,"externalAccess":false,"renderOptionsAsRadio":false,"allowFutureDate":false,"compulsory":false,"allowProvidedElsewhere":false,"sortOrder":3,"favorite":false,"access":{"read":true,"update":true,"externalize":true,"delete":true,"write":true,"manage":true},"programStage":{"id":"yDGvBzlPXiW"},"dataElement":{"id":"kAKroC6WGON"},"favorites":[],"translations":[],"userGroupAccesses":[],"attributeValues":[],"userAccesses":[]},{"lastUpdated":"2023-11-20T18:06:19.134","id":"e74PpNlHESr","created":"2023-11-20T18:05:46.420","displayInReports":false,"skipSynchronization":false,"externalAccess":false,"renderOptionsAsRadio":false,"allowFutureDate":false,"compulsory":false,"allowProvidedElsewhere":false,"sortOrder":4,"favorite":false,"access":{"read":true,"update":true,"externalize":true,"delete":true,"write":true,"manage":true},"programStage":{"id":"yDGvBzlPXiW"},"dataElement":{"id":"E45QoIvx0TU"},"favorites":[],"translations":[],"userGroupAccesses":[],"attributeValues":[],"userAccesses":[]},{"lastUpdated":"2023-11-20T18:06:19.134","id":"XzITetHCO9R","created":"2023-11-20T18:05:46.420","displayInReports":false,"skipSynchronization":false,"externalAccess":false,"renderOptionsAsRadio":false,"allowFutureDate":false,"compulsory":false,"allowProvidedElsewhere":false,"sortOrder":5,"favorite":false,"access":{"read":true,"update":true,"externalize":true,"delete":true,"write":true,"manage":true},"programStage":{"id":"yDGvBzlPXiW"},"dataElement":{"id":"pg4TmJyQgGT"},"favorites":[],"translations":[],"userGroupAccesses":[],"attributeValues":[],"userAccesses":[]},{"lastUpdated":"2023-11-20T18:06:19.135","id":"v9mLKbRZ4zG","created":"2023-11-20T18:05:46.420","displayInReports":false,"skipSynchronization":false,"externalAccess":false,"renderOptionsAsRadio":false,"allowFutureDate":false,"compulsory":false,"allowProvidedElsewhere":false,"sortOrder":6,"favorite":false,"access":{"read":true,"update":true,"externalize":true,"delete":true,"write":true,"manage":true},"programStage":{"id":"yDGvBzlPXiW"},"dataElement":{"id":"P2T75hKyE4l"},"favorites":[],"translations":[],"userGroupAccesses":[],"attributeValues":[],"userAccesses":[]},{"lastUpdated":"2023-11-20T18:06:19.134","id":"J4OfVCSdunf","created":"2023-11-20T18:05:46.419","displayInReports":false,"skipSynchronization":false,"externalAccess":false,"renderOptionsAsRadio":false,"allowFutureDate":false,"compulsory":false,"allowProvidedElsewhere":false,"sortOrder":7,"favorite":false,"access":{"read":true,"update":true,"externalize":true,"delete":true,"write":true,"manage":true},"programStage":{"id":"yDGvBzlPXiW"},"dataElement":{"id":"OXXpeUqLryp"},"favorites":[],"translations":[],"userGroupAccesses":[],"attributeValues":[],"userAccesses":[]},{"lastUpdated":"2023-11-20T18:06:19.134","id":"JiTA1YXnPxt","created":"2023-11-20T18:05:46.419","displayInReports":false,"skipSynchronization":false,"externalAccess":false,"renderOptionsAsRadio":false,"allowFutureDate":false,"compulsory":false,"allowProvidedElsewhere":false,"sortOrder":8,"favorite":false,"access":{"read":true,"update":true,"externalize":true,"delete":true,"write":true,"manage":true},"programStage":{"id":"yDGvBzlPXiW"},"dataElement":{"id":"giN6DRnx0Z9"},"favorites":[],"translations":[],"userGroupAccesses":[],"attributeValues":[],"userAccesses":[]},{"lastUpdated":"2023-11-20T18:06:19.133","id":"SRmvMwNPeF9","created":"2023-11-20T18:05:46.419","displayInReports":false,"skipSynchronization":false,"externalAccess":false,"renderOptionsAsRadio":false,"allowFutureDate":false,"compulsory":false,"allowProvidedElsewhere":false,"sortOrder":9,"favorite":false,"access":{"read":true,"update":true,"externalize":true,"delete":true,"write":true,"manage":true},"programStage":{"id":"yDGvBzlPXiW"},"dataElement":{"id":"no3iLZshBY5"},"favorites":[],"translations":[],"userGroupAccesses":[],"attributeValues":[],"userAccesses":[]}],"translations":[],"userGroupAccesses":[],"attributeValues":[],"userAccesses":[{"access":"rwrw----","displayName":"admin admin","id":"M5zQapPyTZI","userUid":"M5zQapPyTZI"},{"access":"rw------","displayName":"admin admin","id":"M5zQapPyTZI","userUid":"M5zQapPyTZI"}],"programStageSections":[]}],"categoryCombos":[{"code":"default","created":"2023-11-20T09:47:28.421","lastUpdated":"2023-11-20T09:47:28.449","name":"default","id":"bjDvmb4bfuf","dataDimensionType":"DISAGGREGATION","publicAccess":"rw------","skipTotal":false,"userGroupAccesses":[],"translations":[],"userAccesses":[],"categories":[{"id":"GLevLNI9wkl"}]}],"organisationUnits":[{"level":4,"created":"2023-11-20T11:08:47.724","lastUpdated":"2023-11-20T11:16:47.112","name":"Beruwala DSD","id":"TO4o66GVGqq","shortName":"Beruwala DSD","path":"/lmG8U7mdaZu/mLGLUjOFK7x/HBHZKhaYf8y/TO4o66GVGqq","openingDate":"2023-09-30T00:00:00.000","parent":{"id":"HBHZKhaYf8y"},"lastUpdatedBy":{"id":"M5zQapPyTZI"},"user":{"id":"M5zQapPyTZI"},"attributeValues":[],"translations":[]},{"code":"Colombo District","level":3,"created":"2023-11-20T11:07:07.344","lastUpdated":"2023-11-20T11:16:11.679","name":"Colombo District","id":"YeBde9PUw9d","shortName":"Colombo District","path":"/lmG8U7mdaZu/mLGLUjOFK7x/YeBde9PUw9d","openingDate":"2023-09-30T00:00:00.000","parent":{"id":"mLGLUjOFK7x"},"lastUpdatedBy":{"id":"M5zQapPyTZI"},"user":{"id":"M5zQapPyTZI"},"attributeValues":[],"translations":[]},{"level":5,"created":"2023-11-20T11:14:17.654","lastUpdated":"2023-11-20T11:17:11.553","name":"GN1","id":"qzhHj2BJsMX","shortName":"GN1","path":"/lmG8U7mdaZu/mLGLUjOFK7x/HBHZKhaYf8y/dxqK949cgkt/qzhHj2BJsMX","openingDate":"2023-09-30T00:00:00.000","parent":{"id":"dxqK949cgkt"},"lastUpdatedBy":{"id":"M5zQapPyTZI"},"user":{"id":"M5zQapPyTZI"},"attributeValues":[],"translations":[]},{"level":5,"created":"2023-11-20T11:14:40.455","lastUpdated":"2023-11-20T11:17:11.672","name":"GN2","id":"RUIgh6kpykD","shortName":"GN2","path":"/lmG8U7mdaZu/mLGLUjOFK7x/HBHZKhaYf8y/dxqK949cgkt/RUIgh6kpykD","openingDate":"2023-09-30T00:00:00.000","parent":{"id":"dxqK949cgkt"},"lastUpdatedBy":{"id":"M5zQapPyTZI"},"user":{"id":"M5zQapPyTZI"},"attributeValues":[],"translations":[]},{"code":"Kalutara","level":3,"created":"2023-11-20T10:51:35.686","lastUpdated":"2023-11-20T11:16:12.168","name":"Kalutara District","id":"HBHZKhaYf8y","shortName":" Kalutara District","path":"/lmG8U7mdaZu/mLGLUjOFK7x/HBHZKhaYf8y","openingDate":"2023-09-30T00:00:00.000","parent":{"id":"mLGLUjOFK7x"},"lastUpdatedBy":{"id":"M5zQapPyTZI"},"user":{"id":"M5zQapPyTZI"},"attributeValues":[],"translations":[]},{"level":4,"created":"2023-11-20T11:09:41.776","lastUpdated":"2023-11-20T11:16:47.515","name":"Palindanuwara DSD","id":"dxqK949cgkt","shortName":"Palindanuwara DSD","path":"/lmG8U7mdaZu/mLGLUjOFK7x/HBHZKhaYf8y/dxqK949cgkt","openingDate":"2023-09-30T00:00:00.000","parent":{"id":"HBHZKhaYf8y"},"lastUpdatedBy":{"id":"M5zQapPyTZI"},"user":{"id":"M5zQapPyTZI"},"attributeValues":[],"translations":[]},{"code":"Sri Lanka","level":1,"created":"2023-11-06T16:49:21.045","lastUpdated":"2023-11-20T10:49:54.741","name":"Sri Lanka","id":"lmG8U7mdaZu","shortName":"Sri Lanka","path":"/lmG8U7mdaZu","openingDate":"2023-10-31T00:00:00.000","lastUpdatedBy":{"id":"M5zQapPyTZI"},"user":{"id":"M5zQapPyTZI"},"attributeValues":[],"translations":[]},{"code":"Western","level":2,"created":"2023-11-20T10:50:51.530","lastUpdated":"2023-11-20T10:54:03.037","name":"Western Province","id":"mLGLUjOFK7x","shortName":"Western Province","path":"/lmG8U7mdaZu/mLGLUjOFK7x","openingDate":"2023-09-30T00:00:00.000","parent":{"id":"lmG8U7mdaZu"},"lastUpdatedBy":{"id":"M5zQapPyTZI"},"user":{"id":"M5zQapPyTZI"},"attributeValues":[],"translations":[]}],"categoryOptions":[{"code":"default","created":"2023-11-20T09:47:28.278","lastUpdated":"2023-11-20T09:47:28.455","name":"default","id":"xYerKDKCefk","publicAccess":"rwrw----","userGroupAccesses":[],"attributeValues":[],"translations":[],"userAccesses":[],"organisationUnits":[]}],"organisationUnitLevels":[{"lastUpdated":"2023-11-20T12:00:00.481","level":1,"created":"2023-11-20T12:00:00.481","name":"Level 1","id":"EtAfgoC18qf","offlineLevels":6,"lastUpdatedBy":{"id":"M5zQapPyTZI"},"translations":[]},{"lastUpdated":"2023-11-20T12:00:00.494","level":2,"created":"2023-11-20T12:00:00.494","name":"Level 2","id":"RpsLt365Yf8","offlineLevels":6,"lastUpdatedBy":{"id":"M5zQapPyTZI"},"translations":[]},{"lastUpdated":"2023-11-20T12:00:00.501","level":3,"created":"2023-11-20T12:00:00.501","name":"Level 3","id":"KL1cEetVpFE","offlineLevels":6,"lastUpdatedBy":{"id":"M5zQapPyTZI"},"translations":[]},{"lastUpdated":"2023-11-20T12:00:00.509","level":4,"created":"2023-11-20T12:00:00.509","name":"Level 4","id":"NPGKGWrrhYD","offlineLevels":6,"lastUpdatedBy":{"id":"M5zQapPyTZI"},"translations":[]},{"lastUpdated":"2023-11-20T12:00:00.516","level":5,"created":"2023-11-20T12:00:00.516","name":"Level 5","id":"DJLgj45NQcf","offlineLevels":6,"lastUpdatedBy":{"id":"M5zQapPyTZI"},"translations":[]}],"userRoles":[{"created":"2023-11-20T11:39:33.115","lastUpdated":"2023-11-20T11:39:33.115","name":"Superuser","id":"yrB6vc5Ip3r","publicAccess":"rw------","description":"Superuser","lastUpdatedBy":{"id":"M5zQapPyTZI"},"user":{"id":"M5zQapPyTZI"},"userGroupAccesses":[],"authorities":["F_PROGRAM_INDICATOR_PUBLIC_ADD","F_USER_VIEW","F_GENERATE_MIN_MAX_VALUES","F_VALIDATIONRULE_PUBLIC_ADD","F_DATAVALUE_DELETE","F_INDICATORGROUPSET_PUBLIC_ADD","F_RELATIONSHIPTYPE_DELETE","F_REPORTTABLE_EXTERNAL","F_CATEGORY_OPTION_GROUP_PUBLIC_ADD","F_SEND_EMAIL","F_INDICATOR_DELETE","M_dhis-web-event-reports","F_VIEW_UNAPPROVED_DATA","F_USERGROUP_MANAGING_RELATIONSHIPS_VIEW","F_OPTIONGROUPSET_DELETE","F_USERGROUP_PUBLIC_ADD","F_DOCUMENT_EXTERNAL","F_TRACKED_ENTITY_ATTRIBUTE_PUBLIC_ADD","F_PROGRAM_INDICATOR_DELETE","F_MOBILE_SENDSMS","F_TRACKED_ENTITY_ADD","F_VALIDATIONRULEGROUP_PUBLIC_ADD","F_REPORT_EXTERNAL","M_dhis-web-reports","F_TRACKED_ENTITY_DELETE","F_USERGROUP_DELETE","F_REPORTTABLE_PUBLIC_ADD","F_ORGANISATIONUNIT_MOVE","F_EXTERNAL_MAP_LAYER_PUBLIC_ADD","F_PROGRAM_INDICATOR_GROUP_DELETE","M_dhis-web-usage-analytics","F_INDICATORGROUP_DELETE","F_ORGANISATIONUNIT_DELETE","F_PROGRAM_RULE_ADD","M_dhis-web-maintenance-mobile","F_DATASET_PUBLIC_ADD","F_CATEGORY_COMBO_DELETE","F_SECTION_DELETE","F_USER_DELETE","F_METADATA_IMPORT","F_EXPORT_EVENTS","F_SQLVIEW_PUBLIC_ADD","F_PERFORM_MAINTENANCE","F_COLOR_SET_ADD","F_METADATA_EXPORT","F_MINMAX_DATAELEMENT_ADD","F_APPROVE_DATA","F_TRACKED_ENTITY_INSTANCE_SEARCH_IN_ALL_ORGUNITS","F_IGNORE_TRACKER_REQUIRED_VALUE_VALIDATION","F_PROGRAM_PUBLIC_ADD","F_CATEGORY_OPTION_GROUP_SET_DELETE","F_USER_ADD_WITHIN_MANAGED_GROUP","F_ORGANISATIONUNIT_ADD","M_dhis-web-user","F_LEGEND_SET_PUBLIC_ADD","F_CONSTANT_ADD","F_PREDICTORGROUP_DELETE","F_INDICATOR_PUBLIC_ADD","F_INDICATORGROUP_PUBLIC_ADD","M_dhis-web-maintenance","F_PROGRAM_RULE_MANAGEMENT","F_TEI_CASCADE_DELETE","M_dhis-web-cache-cleaner","F_EDIT_EXPIRED","F_PROGRAM_DASHBOARD_CONFIG_ADMIN","F_ORGANISATIONUNITLEVEL_UPDATE","M_dhis-web-datastore","F_CATEGORY_OPTION_PUBLIC_ADD","F_CATEGORY_OPTION_DELETE","M_dhis-web-menu-management","F_REPORT_PUBLIC_ADD","F_VALIDATIONRULEGROUP_DELETE","F_PROGRAM_TRACKED_ENTITY_ATTRIBUTE_GROUP_ADD","F_SKIP_DATA_IMPORT_AUDIT","F_PROGRAM_RULE_DELETE","F_ORGUNITGROUP_DELETE","M_dhis-web-tracker-capture","F_LOCALE_ADD","F_SECTION_ADD","F_CATEGORY_PUBLIC_ADD","F_CATEGORY_COMBO_PUBLIC_ADD","F_DATASET_DELETE","F_INDICATORGROUPSET_DELETE","F_USER_DELETE_WITHIN_MANAGED_GROUP","M_dhis-web-scheduler","F_OPTIONGROUP_PUBLIC_ADD","M_dhis-web-messaging","F_MAP_EXTERNAL","F_DATAELEMENTGROUPSET_PUBLIC_ADD","F_DATAELEMENTGROUP_DELETE","F_USERGROUP_MANAGING_RELATIONSHIPS_ADD","F_DATAELEMENTGROUP_PUBLIC_ADD","F_USER_GROUPS_READ_ONLY_ADD_MEMBERS","F_PREDICTOR_RUN","F_DATAELEMENT_DELETE","F_OPTIONGROUP_DELETE","F_PROGRAMSTAGE_DELETE","F_ATTRIBUTE_PUBLIC_ADD","F_USERROLE_DELETE","F_DOCUMENT_DELETE","F_ORGUNITGROUPSET_DELETE","M_dhis-web-translations","F_PROGRAM_DELETE","F_VALIDATIONRULE_DELETE","F_RELATIONSHIPTYPE_PUBLIC_ADD","F_PREDICTOR_ADD","F_EXPORT_DATA","F_OAUTH2_CLIENT_MANAGE","F_APPROVE_DATA_LOWER_LEVELS","F_ORGUNITGROUP_PUBLIC_ADD","F_OPTIONSET_PUBLIC_ADD","F_EVENTCHART_EXTERNAL","M_dhis-web-dataentry","M_dhis-web-import-export","F_USERROLE_PUBLIC_ADD","F_ORGUNITGROUPSET_PUBLIC_ADD","F_SQLVIEW_EXTERNAL","F_REPORT_DELETE","F_DASHBOARD_PUBLIC_ADD","F_CONSTANT_DELETE","F_PREDICTOR_DELETE","F_CHART_PUBLIC_ADD","M_dhis-web-data-visualizer","F_CHART_EXTERNAL","F_EVENTREPORT_PUBLIC_ADD","F_TRACKED_ENTITY_UPDATE","F_CATEGORY_OPTION_GROUP_SET_PUBLIC_ADD","F_METADATA_MANAGE","F_ANALYTICSTABLEHOOK_DELETE","F_UNCOMPLETE_EVENT","ALL","M_dhis-web-interpretation","F_MAP_PUBLIC_ADD","F_SCHEDULING_ADMIN","F_DATAELEMENT_MINMAX_DELETE","F_MOBILE_SETTINGS","F_PREDICTORGROUP_ADD","F_PUSH_ANALYSIS_DELETE","F_REPLICATE_USER","F_DATAVALUE_ADD","F_INSERT_CUSTOM_JS_CSS","F_ENROLLMENT_CASCADE_DELETE","F_DATAELEMENTGROUPSET_DELETE","F_SQLVIEW_DELETE","F_INDICATORTYPE_ADD","F_LEGEND_SET_DELETE","F_VIEW_EVENT_ANALYTICS","F_IMPORT_EVENTS","F_EVENTCHART_PUBLIC_ADD","F_PUSH_ANALYSIS_ADD","M_dhis-web-event-visualizer","F_USER_ADD","F_EXTERNAL_MAP_LAYER_DELETE","F_SYSTEM_SETTING","F_ANALYTICSTABLEHOOK_ADD","F_DOCUMENT_PUBLIC_ADD","F_TRACKED_ENTITY_ATTRIBUTE_DELETE","F_DATAELEMENT_MINMAX_ADD","M_dhis-web-data-quality","M_dhis-web-pivot","F_EVENTREPORT_EXTERNAL","F_DATAELEMENT_PUBLIC_ADD","F_RUN_VALIDATION","F_CATEGORY_OPTION_GROUP_DELETE","M_dhis-web-settings","F_IMPORT_DATA","F_MOBILE_DELETE_SMS","F_PROGRAMSTAGE_ADD","M_dhis-web-maps","F_MINMAX_DATAELEMENT_DELETE","F_ATTRIBUTE_DELETE","F_OPTIONSET_DELETE","M_dhis-web-dashboard","M_dhis-web-data-administration","F_ACCEPT_DATA_LOWER_LEVELS","F_PROGRAM_TRACKED_ENTITY_ATTRIBUTE_GROUP_DELETE","F_OPTIONGROUPSET_PUBLIC_ADD","M_dhis-web-capture","F_PROGRAM_INDICATOR_GROUP_PUBLIC_ADD","F_CATEGORY_DELETE","F_COLOR_SET_DELETE","M_dhis-web-app-management","F_INDICATORTYPE_DELETE"],"translations":[],"userAccesses":[]}],"dataElements":[{"lastUpdated":"2023-11-20T18:09:44.671","id":"XRcV3VfK4cY","created":"2023-11-07T05:26:14.931","name":"Birth date","shortName":"birthDate","aggregationType":"NONE","domainType":"TRACKER","publicAccess":"rw------","valueType":"DATE","zeroIsSignificant":false,"categoryCombo":{"id":"bjDvmb4bfuf"},"lastUpdatedBy":{"id":"M5zQapPyTZI"},"user":{"id":"M5zQapPyTZI"},"translations":[],"userGroupAccesses":[],"attributeValues":[],"userAccesses":[],"legendSets":[],"aggregationLevels":[1,2,3,4,5]},{"lastUpdated":"2023-11-20T12:04:22.412","id":"jc0LABQPhOn","created":"2023-11-07T06:43:14.329","name":"Consented to screening","shortName":"Consent","aggregationType":"SUM","domainType":"TRACKER","publicAccess":"rw------","valueType":"BOOLEAN","zeroIsSignificant":false,"categoryCombo":{"id":"bjDvmb4bfuf"},"lastUpdatedBy":{"id":"M5zQapPyTZI"},"user":{"id":"M5zQapPyTZI"},"translations":[],"userGroupAccesses":[],"attributeValues":[],"userAccesses":[],"legendSets":[],"aggregationLevels":[1,2,3,4,5]},{"lastUpdated":"2023-11-20T12:04:34.008","id":"kAKroC6WGON","created":"2023-11-20T10:15:43.315","name":"Facility","shortName":"Facility","aggregationType":"NONE","domainType":"TRACKER","publicAccess":"rw------","valueType":"TEXT","zeroIsSignificant":false,"optionSet":{"id":"dnDDm7j2k8L"},"categoryCombo":{"id":"bjDvmb4bfuf"},"lastUpdatedBy":{"id":"M5zQapPyTZI"},"user":{"id":"M5zQapPyTZI"},"translations":[],"userGroupAccesses":[],"attributeValues":[],"userAccesses":[],"legendSets":[],"aggregationLevels":[1,2,3,4,5]},{"lastUpdated":"2023-11-20T18:10:26.287","id":"E45QoIvx0TU","created":"2023-11-07T05:24:41.252","name":"Patient gender","shortName":"patient gender","aggregationType":"NONE","domainType":"TRACKER","publicAccess":"rw------","valueType":"TEXT","zeroIsSignificant":false,"optionSet":{"id":"ioHuB0cToDx"},"categoryCombo":{"id":"bjDvmb4bfuf"},"lastUpdatedBy":{"id":"M5zQapPyTZI"},"user":{"id":"M5zQapPyTZI"},"translations":[],"userGroupAccesses":[],"attributeValues":[],"userAccesses":[],"legendSets":[],"aggregationLevels":[1,2,3,4,5]},{"lastUpdated":"2023-11-20T18:10:02.473","id":"pg4TmJyQgGT","created":"2023-11-07T05:23:32.038","name":"Patient name","shortName":"name","aggregationType":"NONE","domainType":"TRACKER","publicAccess":"rw------","valueType":"TEXT","zeroIsSignificant":false,"categoryCombo":{"id":"bjDvmb4bfuf"},"lastUpdatedBy":{"id":"M5zQapPyTZI"},"user":{"id":"M5zQapPyTZI"},"translations":[],"userGroupAccesses":[],"attributeValues":[],"userAccesses":[],"legendSets":[],"aggregationLevels":[1,2,3,4,5]},{"lastUpdated":"2023-11-20T18:10:11.877","id":"P2T75hKyE4l","created":"2023-11-06T16:59:06.513","name":"Patient surname","shortName":"Surname","aggregationType":"NONE","domainType":"TRACKER","publicAccess":"rw------","valueType":"TEXT","zeroIsSignificant":false,"categoryCombo":{"id":"bjDvmb4bfuf"},"lastUpdatedBy":{"id":"M5zQapPyTZI"},"user":{"id":"M5zQapPyTZI"},"translations":[],"userGroupAccesses":[],"attributeValues":[],"userAccesses":[],"legendSets":[],"aggregationLevels":[1,2,3,4,5]},{"lastUpdated":"2023-11-20T18:11:57.682","id":"GqJW7WVV5Dp","created":"2023-11-20T18:11:57.682","name":"PHN","shortName":"phn","aggregationType":"NONE","domainType":"TRACKER","publicAccess":"rw------","valueType":"TEXT","zeroIsSignificant":false,"categoryCombo":{"id":"bjDvmb4bfuf"},"lastUpdatedBy":{"id":"M5zQapPyTZI"},"user":{"id":"M5zQapPyTZI"},"translations":[],"userGroupAccesses":[],"attributeValues":[],"userAccesses":[],"legendSets":[],"aggregationLevels":[2,1,3,4,5]},{"lastUpdated":"2023-11-20T12:05:46.884","id":"OXXpeUqLryp","created":"2023-11-20T11:24:50.517","name":"Practitioner","shortName":"Practitioner","aggregationType":"NONE","domainType":"TRACKER","publicAccess":"rw------","valueType":"TEXT","zeroIsSignificant":false,"optionSet":{"id":"pKPJqhWXm0R"},"categoryCombo":{"id":"bjDvmb4bfuf"},"lastUpdatedBy":{"id":"M5zQapPyTZI"},"user":{"id":"M5zQapPyTZI"},"translations":[],"userGroupAccesses":[],"attributeValues":[],"userAccesses":[],"legendSets":[],"aggregationLevels":[1,2,3,4,5]},{"lastUpdated":"2023-11-20T18:04:01.270","id":"giN6DRnx0Z9","created":"2023-11-07T06:39:55.653","name":"Screened at risk","shortName":"risk","aggregationType":"SUM","domainType":"TRACKER","publicAccess":"rw------","valueType":"BOOLEAN","zeroIsSignificant":false,"categoryCombo":{"id":"bjDvmb4bfuf"},"lastUpdatedBy":{"id":"M5zQapPyTZI"},"user":{"id":"M5zQapPyTZI"},"translations":[],"userGroupAccesses":[],"attributeValues":[],"userAccesses":[],"legendSets":[],"aggregationLevels":[1,2,3,4,5]},{"lastUpdated":"2023-11-20T12:06:21.113","id":"no3iLZshBY5","created":"2023-11-07T05:23:58.847","name":"Surname","shortName":"surname","aggregationType":"NONE","domainType":"TRACKER","publicAccess":"rw------","valueType":"TEXT","zeroIsSignificant":false,"categoryCombo":{"id":"bjDvmb4bfuf"},"lastUpdatedBy":{"id":"M5zQapPyTZI"},"user":{"id":"M5zQapPyTZI"},"translations":[],"userGroupAccesses":[],"attributeValues":[],"userAccesses":[],"legendSets":[],"aggregationLevels":[1,2,3,4,5]}],"categoryOptionCombos":[{"lastUpdated":"2023-11-20T09:47:28.445","code":"default","created":"2023-11-20T09:47:28.433","name":"default","id":"HllvX50cXC0","ignoreApproval":false,"categoryCombo":{"id":"bjDvmb4bfuf"},"translations":[],"attributeValues":[],"categoryOptions":[{"id":"xYerKDKCefk"}]}]}