{"events":[{"storedBy":"admin","dueDate":"2023-11-20T18:22:57.893","program":"dPNAzfaYz4e","href":"http://localhost:8081/api/events/v02mG4uuB30","event":"v02mG4uuB30","programStage":"I4pe52OYiNS","orgUnit":"qzhHj2BJsMX","status":"ACTIVE","orgUnitName":"GN1","eventDate":"2023-11-02T00:00:00.000","attributeCategoryOptions":"xYerKDKCefk","lastUpdated":"2023-11-20T18:22:57.917","created":"2023-11-20T18:22:57.905","deleted":false,"attributeOptionCombo":"HllvX50cXC0","dataValues":[{"lastUpdated":"2023-11-20T18:22:57.913","storedBy":"admin","created":"2023-11-20T18:22:57.913","dataElement":"OXXpeUqLryp","value":"Gunawardhana","providedElsewhere":false},{"lastUpdated":"2023-11-20T18:22:57.913","storedBy":"admin","created":"2023-11-20T18:22:57.913","dataElement":"P2T75hKyE4l","value":"Senevirathne","providedElsewhere":false},{"lastUpdated":"2023-11-20T18:22:57.913","storedBy":"admin","created":"2023-11-20T18:22:57.913","dataElement":"jc0LABQPhOn","value":"true","providedElsewhere":false},{"lastUpdated":"2023-11-20T18:22:57.913","storedBy":"admin","created":"2023-11-20T18:22:57.913","dataElement":"pg4TmJyQgGT","value":"Gayal","providedElsewhere":false},{"lastUpdated":"2023-11-20T18:22:57.913","storedBy":"admin","created":"2023-11-20T18:22:57.913","dataElement":"XRcV3VfK4cY","value":"1985-04-15","providedElsewhere":false},{"lastUpdated":"2023-11-20T18:22:57.913","storedBy":"admin","created":"2023-11-20T18:22:57.913","dataElement":"giN6DRnx0Z9","value":"true","providedElsewhere":false},{"lastUpdated":"2023-11-20T18:22:57.913","storedBy":"admin","created":"2023-11-20T18:22:57.913","dataElement":"kAKroC6WGON","value":"Gonnaduwa facility","providedElsewhere":false},{"lastUpdated":"2023-11-20T18:22:57.913","storedBy":"admin","created":"2023-11-20T18:22:57.913","dataElement":"E45QoIvx0TU","value":"Male","providedElsewhere":false},{"lastUpdated":"2023-11-20T18:22:57.913","storedBy":"admin","created":"2023-11-20T18:22:57.913","dataElement":"GqJW7WVV5Dp","value":"100020042342568","providedElsewhere":false}],"notes":[]},{"storedBy":"admin","dueDate":"2023-11-20T18:21:40.102","program":"dPNAzfaYz4e","href":"http://localhost:8081/api/events/QpG8BQme7cD","event":"QpG8BQme7cD","programStage":"I4pe52OYiNS","orgUnit":"qzhHj2BJsMX","status":"COMPLETED","orgUnitName":"GN1","eventDate":"2023-11-01T00:00:00.000","attributeCategoryOptions":"xYerKDKCefk","lastUpdated":"2023-11-20T18:21:40.135","created":"2023-11-20T18:21:40.116","completedDate":"2023-11-20T00:00:00.000","deleted":false,"attributeOptionCombo":"HllvX50cXC0","completedBy":"admin","dataValues":[{"lastUpdated":"2023-11-20T18:21:40.130","storedBy":"admin","created":"2023-11-20T18:21:40.130","dataElement":"OXXpeUqLryp","value":"Siriwardhana","providedElsewhere":false},{"lastUpdated":"2023-11-20T18:21:40.130","storedBy":"admin","created":"2023-11-20T18:21:40.130","dataElement":"P2T75hKyE4l","value":"Dilshan","providedElsewhere":false},{"lastUpdated":"2023-11-20T18:21:40.130","storedBy":"admin","created":"2023-11-20T18:21:40.130","dataElement":"jc0LABQPhOn","value":"true","providedElsewhere":false},{"lastUpdated":"2023-11-20T18:21:40.130","storedBy":"admin","created":"2023-11-20T18:21:40.130","dataElement":"pg4TmJyQgGT","value":"Mawantha","providedElsewhere":false},{"lastUpdated":"2023-11-20T18:21:40.130","storedBy":"admin","created":"2023-11-20T18:21:40.130","dataElement":"XRcV3VfK4cY","value":"2023-08-08","providedElsewhere":false},{"lastUpdated":"2023-11-20T18:21:40.130","storedBy":"admin","created":"2023-11-20T18:21:40.130","dataElement":"giN6DRnx0Z9","value":"false","providedElsewhere":false},{"lastUpdated":"2023-11-20T18:21:40.130","storedBy":"admin","created":"2023-11-20T18:21:40.130","dataElement":"E45QoIvx0TU","value":"Male","providedElsewhere":false},{"lastUpdated":"2023-11-20T18:21:40.130","storedBy":"admin","created":"2023-11-20T18:21:40.130","dataElement":"GqJW7WVV5Dp","value":"100020042342567","providedElsewhere":false}],"notes":[]},{"storedBy":"admin","dueDate":"2023-11-20T18:20:41.112","program":"dPNAzfaYz4e","href":"http://localhost:8081/api/events/VPODcsBH6IA","event":"VPODcsBH6IA","programStage":"I4pe52OYiNS","orgUnit":"qzhHj2BJsMX","status":"COMPLETED","orgUnitName":"GN1","eventDate":"2023-11-01T00:00:00.000","attributeCategoryOptions":"xYerKDKCefk","lastUpdated":"2023-11-20T18:20:41.131","created":"2023-11-20T18:20:41.120","completedDate":"2023-11-20T00:00:00.000","deleted":false,"attributeOptionCombo":"HllvX50cXC0","completedBy":"admin","dataValues":[{"lastUpdated":"2023-11-20T18:20:41.126","storedBy":"admin","created":"2023-11-20T18:20:41.126","dataElement":"OXXpeUqLryp","value":"Gunawardhana","providedElsewhere":false},{"lastUpdated":"2023-11-20T18:20:41.126","storedBy":"admin","created":"2023-11-20T18:20:41.126","dataElement":"P2T75hKyE4l","value":"Fernando","providedElsewhere":false},{"lastUpdated":"2023-11-20T18:20:41.126","storedBy":"admin","created":"2023-11-20T18:20:41.126","dataElement":"jc0LABQPhOn","value":"true","providedElsewhere":false},{"lastUpdated":"2023-11-20T18:20:41.126","storedBy":"admin","created":"2023-11-20T18:20:41.126","dataElement":"pg4TmJyQgGT","value":"Ramani","providedElsewhere":false},{"lastUpdated":"2023-11-20T18:20:41.126","storedBy":"admin","created":"2023-11-20T18:20:41.126","dataElement":"XRcV3VfK4cY","value":"1985-01-10","providedElsewhere":false},{"lastUpdated":"2023-11-20T18:20:41.126","storedBy":"admin","created":"2023-11-20T18:20:41.126","dataElement":"giN6DRnx0Z9","value":"false","providedElsewhere":false},{"lastUpdated":"2023-11-20T18:20:41.126","storedBy":"admin","created":"2023-11-20T18:20:41.126","dataElement":"E45QoIvx0TU","value":"Female","providedElsewhere":false},{"lastUpdated":"2023-11-20T18:20:41.126","storedBy":"admin","created":"2023-11-20T18:20:41.126","dataElement":"GqJW7WVV5Dp","value":"100020042342566","providedElsewhere":false}],"notes":[]},{"storedBy":"admin","dueDate":"2023-11-20T18:19:34.142","program":"dPNAzfaYz4e","href":"http://localhost:8081/api/events/bAxXffvo6AR","event":"bAxXffvo6AR","programStage":"I4pe52OYiNS","orgUnit":"qzhHj2BJsMX","status":"ACTIVE","orgUnitName":"GN1","eventDate":"2023-11-01T00:00:00.000","attributeCategoryOptions":"xYerKDKCefk","lastUpdated":"2023-11-20T18:19:34.203","created":"2023-11-20T18:19:34.150","deleted":false,"attributeOptionCombo":"HllvX50cXC0","dataValues":[{"lastUpdated":"2023-11-20T18:19:34.170","storedBy":"admin","created":"2023-11-20T18:19:34.170","dataElement":"OXXpeUqLryp","value":"Siriwardhana","providedElsewhere":false},{"lastUpdated":"2023-11-20T18:19:34.170","storedBy":"admin","created":"2023-11-20T18:19:34.170","dataElement":"P2T75hKyE4l","value":"Kalhara","providedElsewhere":false},{"lastUpdated":"2023-11-20T18:19:34.194","storedBy":"admin","created":"2023-11-20T18:19:34.194","dataElement":"jc0LABQPhOn","value":"true","providedElsewhere":false},{"lastUpdated":"2023-11-20T18:19:34.170","storedBy":"admin","created":"2023-11-20T18:19:34.170","dataElement":"pg4TmJyQgGT","value":"Kasun","providedElsewhere":false},{"lastUpdated":"2023-11-20T18:19:34.194","storedBy":"admin","created":"2023-11-20T18:19:34.194","dataElement":"XRcV3VfK4cY","value":"1980-11-07","providedElsewhere":false},{"lastUpdated":"2023-11-20T18:19:34.194","storedBy":"admin","created":"2023-11-20T18:19:34.194","dataElement":"giN6DRnx0Z9","value":"true","providedElsewhere":false},{"lastUpdated":"2023-11-20T18:19:34.194","storedBy":"admin","created":"2023-11-20T18:19:34.194","dataElement":"kAKroC6WGON","value":"Baduraliya Facility","providedElsewhere":false},{"lastUpdated":"2023-11-20T18:19:34.194","storedBy":"admin","created":"2023-11-20T18:19:34.194","dataElement":"E45QoIvx0TU","value":"Male","providedElsewhere":false},{"lastUpdated":"2023-11-20T18:19:34.194","storedBy":"admin","created":"2023-11-20T18:19:34.194","dataElement":"GqJW7WVV5Dp","value":"100020042342565","providedElsewhere":false}],"notes":[]}]}